{
  "tickers": [
    "IVV",
    "QUAL",
    "USMV",
    "VEA",
    "VWO",
    "AGG",
    "SHV",
    "TIP",
    "VNQ",
    "GLD",
    "BTC-USD",
    "ETH-USD"
  ],
  "stats": {
    "IVV": {
      "ann_return": 0.1542015425849832,
      "ann_vol": 0.15568173551306522,
      "sharpe": 0.8449428941605526,
      "max_drawdown": -0.23934547113940785,
      "skewness": -0.5219313286627835,
      "kurtosis": 0.5636781422776296,
      "n_months": 108.0
    },
    "QUAL": {
      "ann_return": 0.146658528355864,
      "ann_vol": 0.1610979986723255,
      "sharpe": 0.7697126157069337,
      "max_drawdown": -0.27782107861421024,
      "skewness": -0.47935302646225525,
      "kurtosis": 0.20898204675245724,
      "n_months": 107.0
    },
    "USMV": {
      "ann_return": 0.10819501771007974,
      "ann_vol": 0.12632453943341757,
      "sharpe": 0.6771103356567327,
      "max_drawdown": -0.19055947026939804,
      "skewness": -0.5921048170895706,
      "kurtosis": 0.7024401623364485,
      "n_months": 107.0
    },
    "VEA": {
      "ann_return": 0.10327088149904293,
      "ann_vol": 0.15554564630007248,
      "sharpe": 0.5182498964380796,
      "max_drawdown": -0.28074561678445425,
      "skewness": -0.39614664245937564,
      "kurtosis": 1.4899071804187183,
      "n_months": 108.0
    },
    "VWO": {
      "ann_return": 0.08764610438644459,
      "ann_vol": 0.15682615423406146,
      "sharpe": 0.4143871173223844,
      "max_drawdown": -0.31874459747936607,
      "skewness": -0.3315815115071803,
      "kurtosis": 1.7938608964995066,
      "n_months": 108.0
    },
    "AGG": {
      "ann_return": 0.020734392031284313,
      "ann_vol": 0.052649155244483235,
      "sharpe": -0.03656230327747932,
      "max_drawdown": -0.1713466880041534,
      "skewness": -0.04880673121318906,
      "kurtosis": 0.899039915696394,
      "n_months": 108.0
    },
    "SHV": {
      "ann_return": 0.0226593664126362,
      "ann_vol": 0.005959149637155032,
      "sharpe": 0.0,
      "max_drawdown": -0.002967456726379246,
      "skewness": 0.25230584907324916,
      "kurtosis": -1.2936910505345052,
      "n_months": 108.0
    },
    "TIP": {
      "ann_return": 0.02836664032061311,
      "ann_vol": 0.0515391290194759,
      "sharpe": 0.11073671628832171,
      "max_drawdown": -0.13914300332583399,
      "skewness": -0.8559568001299956,
      "kurtosis": 3.770118066149618,
      "n_months": 108.0
    },
    "VNQ": {
      "ann_return": 0.06361618581075706,
      "ann_vol": 0.17841232282542846,
      "sharpe": 0.2295627272237018,
      "max_drawdown": -0.3275406412525919,
      "skewness": -0.5037683744865533,
      "kurtosis": 1.5044117555010001,
      "n_months": 108.0
    },
    "GLD": {
      "ann_return": 0.1531881187415713,
      "ann_vol": 0.13471815488745228,
      "sharpe": 0.9689024648384091,
      "max_drawdown": -0.18076897124339797,
      "skewness": 0.4189584305263563,
      "kurtosis": -0.225956071910701,
      "n_months": 108.0
    },
    "BTC-USD": {
      "ann_return": 0.7809599830888475,
      "ann_vol": 0.7658891342098801,
      "sharpe": 0.990091885111417,
      "max_drawdown": -0.7557435061741202,
      "skewness": 0.6070215511399981,
      "kurtosis": 0.24489176796537926,
      "n_months": 107.0
    },
    "ETH-USD": {
      "ann_return": 0.6645291037692662,
      "ann_vol": 0.9670275832755405,
      "sharpe": 0.6637553555426748,
      "max_drawdown": -0.9042653587479188,
      "skewness": 0.5769978770935994,
      "kurtosis": -0.0679221170846036,
      "n_months": 97.0
    }
  },
  "covariance": {
    "IVV": {
      "IVV": 0.02681141284147098,
      "QUAL": 0.027173673776445414,
      "USMV": 0.019186790279978272,
      "VEA": 0.0231530921889192,
      "VWO": 0.018441077883664482,
      "AGG": 0.003835315052883974,
      "SHV": 3.7621190204573606e-05,
      "TIP": 0.004983939221528521,
      "VNQ": 0.024322618206791782,
      "GLD": 0.003158952891329683,
      "BTC-USD": 0.042489833925008956,
      "ETH-USD": 0.06551161133656654
    },
    "QUAL": {
      "IVV": 0.027173673776445414,
      "QUAL": 0.0283303203552958,
      "USMV": 0.019971302026144666,
      "VEA": 0.023818020734362164,
      "VWO": 0.018280382022479932,
      "AGG": 0.004144556615243554,
      "SHV": 6.035374025006865e-05,
      "TIP": 0.005225444912511945,
      "VNQ": 0.025004417307668725,
      "GLD": 0.003298115004095758,
      "BTC-USD": 0.042791010758558554,
      "ETH-USD": 0.06068001694721475
    },
    "USMV": {
      "IVV": 0.019186790279978272,
      "QUAL": 0.019971302026144666,
      "USMV": 0.017311711827170707,
      "VEA": 0.017422923637401833,
      "VWO": 0.012237195593635551,
      "AGG": 0.0033189606546946294,
      "SHV": 1.4854682730916192e-05,
      "TIP": 0.004236841532694829,
      "VNQ": 0.020984031778854936,
      "GLD": 0.004051780709127317,
      "BTC-USD": 0.02774768954663092,
      "ETH-USD": 0.03688644660996593
    },
    "VEA": {
      "IVV": 0.0231530921889192,
      "QUAL": 0.023818020734362164,
      "USMV": 0.017422923637401833,
      "VEA": 0.02657772910595111,
      "VWO": 0.021647937284174815,
      "AGG": 0.004507431010094229,
      "SHV": 8.016063496654726e-05,
      "TIP": 0.00504570408306648,
      "VNQ": 0.023548819591100965,
      "GLD": 0.006307940797893005,
      "BTC-USD": 0.035162375538205407,
      "ETH-USD": 0.0525033506122288
    },
    "VWO": {
      "IVV": 0.018441077883664482,
      "QUAL": 0.018280382022479932,
      "USMV": 0.012237195593635551,
      "VEA": 0.021647937284174815,
      "VWO": 0.02656966855850709,
      "AGG": 0.003832906868056794,
      "SHV": 7.291588168658143e-05,
      "TIP": 0.003753699463978785,
      "VNQ": 0.0180343029998698,
      "GLD": 0.007834672025679074,
      "BTC-USD": 0.020194523152835413,
      "ETH-USD": 0.03768187198875741
    },
    "AGG": {
      "IVV": 0.003835315052883974,
      "QUAL": 0.004144556615243554,
      "USMV": 0.0033189606546946294,
      "VEA": 0.004507431010094229,
      "VWO": 0.003832906868056794,
      "AGG": 0.0030594248722924594,
      "SHV": 9.822121584963833e-05,
      "TIP": 0.0025401204859636776,
      "VNQ": 0.006016646665573064,
      "GLD": 0.0030415695777181867,
      "BTC-USD": 0.006116877417037059,
      "ETH-USD": 0.007350396015347832
    },
    "SHV": {
      "IVV": 3.7621190204573606e-05,
      "QUAL": 6.035374025006865e-05,
      "USMV": 1.4854682730916192e-05,
      "VEA": 8.016063496654726e-05,
      "VWO": 7.291588168658143e-05,
      "AGG": 9.822121584963833e-05,
      "SHV": 3.665106762106482e-05,
      "TIP": 4.453490935834051e-05,
      "VNQ": 1.0195962531429855e-05,
      "GLD": 0.00023473982234105276,
      "BTC-USD": 4.1171581102952674e-08,
      "ETH-USD": -0.0007383050596737635
    },
    "TIP": {
      "IVV": 0.004983939221528521,
      "QUAL": 0.005225444912511945,
      "USMV": 0.004236841532694829,
      "VEA": 0.00504570408306648,
      "VWO": 0.003753699463978785,
      "AGG": 0.0025401204859636776,
      "SHV": 4.453490935834051e-05,
      "TIP": 0.0029174456403855873,
      "VNQ": 0.006887593558653558,
      "GLD": 0.0030810115415371084,
      "BTC-USD": 0.010342932058130463,
      "ETH-USD": 0.01661244278393767
    },
    "VNQ": {
      "IVV": 0.024322618206791782,
      "QUAL": 0.025004417307668725,
      "USMV": 0.020984031778854936,
      "VEA": 0.023548819591100965,
      "VWO": 0.0180343029998698,
      "AGG": 0.006016646665573064,
      "SHV": 1.0195962531429855e-05,
      "TIP": 0.006887593558653558,
      "VNQ": 0.03508648778793189,
      "GLD": 0.0049736696943540526,
      "BTC-USD": 0.039222222792357465,
      "ETH-USD": 0.05249633794056358
    },
    "GLD": {
      "IVV": 0.003158952891329683,
      "QUAL": 0.003298115004095758,
      "USMV": 0.004051780709127317,
      "VEA": 0.006307940797893005,
      "VWO": 0.007834672025679074,
      "AGG": 0.0030415695777181867,
      "SHV": 0.00023473982234105276,
      "TIP": 0.0030810115415371084,
      "VNQ": 0.0049736696943540526,
      "GLD": 0.019304285398769362,