{
  "universe": "12",
  "tickers": [
    "IVV",
    "QUAL",
    "USMV",
    "VEA",
    "VWO",
    "AGG",
    "SHV",
    "TIP",
    "VNQ",
    "GLD",
    "BTC-USD",
    "ETH-USD"
  ],
  "tangency": {
    "weights": {
      "IVV": 0.27626187439955086,
      "QUAL": 0.0,
      "USMV": 1.7344522535913234e-16,
      "VEA": 0.0,
      "VWO": 0.0,
      "AGG": 0.0,
      "SHV": 0.07489784701700769,
      "TIP": 0.0,
      "VNQ": 0.0,
      "GLD": 0.5988402785834407,
      "BTC-USD": 0.02352223424942324,
      "ETH-USD": 0.02647776575057722
    },
    "sharpe": 1.2168991709703352,
    "ann_return": 0.16659115314062878,
    "ann_vol": 0.11675953551540025
  },
  "frontier": [
    {
      "ann_vol": 0.006000824609590486,
      "ann_return": 0.025036098692074273,
      "sharpe": 0.08824245957316931,
      "weights": [
        1.2063797451512103e-17,
        2.2702876593252665e-18,
        9.978344328832677e-17,
        4.869429630809239e-18,
        4.238207907150183e-19,
        0.0,
        0.9991726423742204,
        3.491130995403324e-17,
        0.0,
        1.0666626561402728e-17,
        3.843909082727247e-18,
        0.0008273576257794412
      ]
    },
    {
      "ann_vol": 0.009707244238734853,
      "ann_return": 0.033046829249461916,
      "sharpe": 0.8797819309343107,
      "weights": [
        0.01668836267142525,
        3.8107486197222593e-17,
        5.388742254640232e-18,
        2.2072271619894566e-17,
        1.3093693011522152e-17,
        8.543562090996512e-17,
        0.9493405739465182,
        7.477364104746852e-17,
        3.5617793574977394e-17,
        0.029883769436212532,
        0.0007531567530801444,
        0.0033341371927636016
      ]
    },
    {
      "ann_vol": 0.015445553648985321,
      "ann_return": 0.0410575598069262,
      "sharpe": 1.071569787267334,
      "weights": [
        0.0314521511525141,
        0.0,
        2.125472025438815e-17,
        0.0,
        4.338727327343429e-17,
        2.759348627480921e-17,
        0.8978603037336135,
        6.155896924605814e-17,
        3.504417083758343e-17,
        0.06348898906195248,
        0.002467529441341614,
        0.004731026610578099
      ]
    },
    {
      "ann_vol": 0.021633410917108527,
      "ann_return": 0.04906829036438834,
      "sharpe": 1.1353604519159386,
      "weights": [
        0.04621594694032776,
        1.298281547555757e-17,
        0.0,
        3.550907352748794e-18,
        0.0,
        1.562554492001054e-17,
        0.8463800135116122,
        4.262831402681502e-17,
        2.6163820526365182e-17,
        0.09709422219718783,
        0.004181915129151954,
        0.006127902221720109
      ]
    },
    {
      "ann_vol": 0.027974070348538483,
      "ann_return": 0.05707902092185173,
      "sharpe": 1.1643800614985116,
      "weights": [
        0.06097978796009915,
        0.0,
        0.0,
        0.0,
        8.595391164200694e-17,
        0.0,
        0.7948997272281971,
        0.0,
        2.0199065371378202e-18,
        0.13069939897840693,
        0.005896316851178857,
        0.007524768982117772
      ]
    },
    {
      "ann_vol": 0.034383099909588016,
      "ann_return": 0.06508975147931402,
      "sharpe": 1.180323484996193,
      "weights": [
        0.07574353819571669,
        4.1027447576779704e-17,
        0.0,
        7.79395937966116e-18,
        0.0,
        4.966650666152389e-17,
        0.7434194911573687,
        2.846288925826508e-17,
        0.0,
        0.16430461072235,
        0.007610700682632684,
        0.008921659241931881
      ]
    },
    {
      "ann_vol": 0.04082831505820647,
      "ann_return": 0.07310048203677813,
      "sharpe": 1.1902012316316242,
      "weights": [
        0.09050731208865286,
        7.541325341954947e-17,
        1.660313749144914e-17,
        0.0,
        0.0,
        0.0,
        0.691939213543068,
        0.0,
        0.0,
        0.1979098489895473,
        0.00932509009477621,
        0.010318535283955484
      ]
    },
    {
      "ann_vol": 0.04729492430656457,
      "ann_return": 0.08111121259424064,
      "sharpe": 1.1968438950927147,
      "weights": [
        0.10527095581405116,
        1.393303866098914e-17,
        1.6413918498843878e-17,
        0.0,
        0.0,
        8.976015827062016e-17,
        0.6404589912087806,
        0.0,
        1.657878655279315e-17,
        0.2315151411853961,
        0.011039505943380302,
        0.011715405848391622
      ]
    },
    {
      "ann_vol": 0.05377521011958967,
      "ann_return": 0.08912194315170359,
      "sharpe": 1.201582882501991,
      "weights": [
        0.12003497726379297,
        0.0,
        0.0,
        1.734846505104595e-17,
        0.0,
        1.9697573014763962e-17,
        0.5889785916747432,
        3.450149483421119e-19,
        0.0,
        0.2651202932769561,
        0.012753859555372468,
        0.013112278229135252
      ]
    },
    {
      "ann_vol": 0.06026476072481977,
      "ann_return": 0.09713267370916767,
      "sharpe": 1.2051172470713907,
      "weights": [
        0.13479866709851035,
        4.610170283770137e-17,
        0.0,
        0.0,
        5.447675490639951e-18,
        0.0,
        0.5374983816459348,
        2.5165770119951476e-17,
        2.8160035898030144e-17,
        0.2987255329455623,
        0.014468245441624982,
        0.014509172868367564
      ]
    },
    {
      "ann_vol": 0.06676087439965203,
      "ann_return": 0.1051434042666296,
      "sharpe": 1.2078456704274847,
      "weights": [
        0.14956251428450812,
        4.30519905951886e-17,
        0.0,
        2.9962573543349495e-17,
        4.7212964955458316e-18,
        1.4044805465396672e-17,
        0.48601817403000025,
        0.0,
        5.553553287876741e-17,
        0.33233059816578425,
        0.016182665027040424,
        0.015906048492666892
      ]
    },
    {
      "ann_vol": 0.0732618053255782,
      "ann_return": 0.11315413482409438,
      "sharpe": 1.2100106359798875,
      "weights": [
        0.1643263323406138,
        0.0,
        0.0,
        1.8017154762301864e-17,
        1.1910291382030589e-17,
        0.0,
        0.4345378142864155,
        3.007460262841055e-17,
        0.0,
        0.3659359077310128,
        0.017897016697096278,
        0.01730292894486154
      ]
    },
    {
      "ann_vol": 0.07976637569860584,
      "ann_return": 0.12116486538155552,
      "sharpe": 1.2117674065789117,
      "weights": [
        0.1790900260308052,
        4.9238863275592594e-18,
        0.0,
        0.0,
        0.0,
        1.0017890025689135e-16,
        0.3830575596291624,
        1.6879984453185824e-16,
        0.0,
        0.3995411997410235,
        0.019611402863173477,
        0.01869981173583503
      ]
    },
    {
      "ann_vol": 0.08627376233937635,
      "ann_return": 0.12917559593901723,
      "sharpe": 1.2132196618274553,
      "weights": [
        0.19385381910406385,
        0.0,
        1.7189201347094508e-17,
        2.95737727997041e-17,
        3.05849129546734e-17,
        0.0,
        0.33157728844902756,
        0.0,
        0.0,
        0.43314641010162563,
        0.02132579303757631,
        0.02009668930770653
      ]
    },
    {
      "ann_vol": 0.09278337269071041,
      "ann_return": 0.13718632649648133,
      "sharpe": 1.2144390967877174,
      "weights": [
        0.20861755201488774,
        3.4713705836077e-18,
        0.0,
        5.155671181777474e-18,
        7.367164458825729e-18,
        0.0,
        0.2800970235591852,
        0.0,
        1.515281195895758e-18,
        0.46675167058045436,
        0.02304019281162839,
        0.021493561033844286
      ]
    },
    {
      "ann_vol": 0.09929476940456922,
      "ann_return": 0.14519705705394342,
      "sharpe": 1.215476772931937,