{
  "strategies": [
    {
      "strategy": "all_cash",
      "sharpe": 212.57774252282388,
      "sortino": 0.0,
      "calmar": 0.0,
      "mean_ann_return": 0.28366808807078703,
      "median_ann_return": 0.2836614174247606,
      "ann_vol": 0.0011462540018488767,
      "max_drawdown_median": 0.0,
      "max_drawdown_p5": 0.0,
      "var_5": 120237.1584442307,
      "cvar_5": 119823.534234332,
      "p_goal": 0.0,
      "mean_terminal": 122011.9334573367,
      "median_terminal": 121995.20135352867,
      "p5": 120237.1584442307,
      "p25": 121293.19303459265,
      "p50": 121995.20135352867,
      "p75": 122732.98981757837,
      "p95": 123778.02878035234,
      "label": "All Cash (100% SHV)",
      "description": "100% short-term Treasury \u2014 baseline risk-free benchmark"
    },
    {
      "strategy": "all_equity",
      "sharpe": 7.726611848182651,
      "sortino": 0.0,
      "calmar": 0.0,
      "mean_ann_return": 0.34667160441283923,
      "median_ann_return": 0.3453291162868146,
      "ann_vol": 0.039690308046853716,
      "max_drawdown_median": 0.0,
      "max_drawdown_p5": -0.04564182655185998,
      "var_5": 122545.66252385925,
      "cvar_5": 110768.3598733754,
      "p_goal": 0.0,
      "mean_terminal": 206469.4767782672,
      "median_terminal": 196681.6381266472,
      "p5": 122545.66252385925,
      "p25": 161911.9471224144,
      "p50": 196681.6381266472,
      "p75": 239034.9272094773,
      "p95": 323650.9438200389,
      "label": "All Equity (100% IVV)",
      "description": "100% S&P 500 \u2014 high-risk equity benchmark"
    },
    {
      "strategy": "60_40",
      "sharpe": 11.336598166258648,
      "sortino": 0.0,
      "calmar": 0.0,
      "mean_ann_return": 0.3192660741931233,
      "median_ann_return": 0.3188359299352125,
      "ann_vol": 0.024634027783070646,
      "max_drawdown_median": 0.0,
      "max_drawdown_p5": -0.03736646972632564,
      "var_5": 118965.2609493,
      "cvar_5": 110587.23737869746,
      "p_goal": 0.0,
      "mean_terminal": 163638.25249089123,
      "median_terminal": 160949.59602153525,
      "p5": 118965.2609493,
      "p25": 142088.1700606023,
      "p50": 160949.59602153525,
      "p75": 181412.49085232394,
      "p95": 219380.3922422389,
      "label": "60/40 IVV/AGG",
      "description": "Classic 60/40 balanced portfolio"
    },
    {
      "strategy": "equal_weight",
      "sharpe": 7.386519418075709,
      "sortino": 0.0,
      "calmar": 0.0,
      "mean_ann_return": 0.36202283283219533,
      "median_ann_return": 0.36041551194085353,
      "ann_vol": 0.04359601790853841,
      "max_drawdown_median": 0.0,
      "max_drawdown_p5": -0.05546919241451299,
      "var_5": 133020.49958585398,
      "cvar_5": 118650.35743065062,
      "p_goal": 0.0,
      "mean_terminal": 233125.55336596922,
      "median_terminal": 219908.95804019505,
      "p5": 133020.49958585398,
      "p25": 178997.36840630823,
      "p50": 219908.95804019505,
      "p75": 273570.6507465394,
      "p95": 377874.7630039792,
      "label": "Equal Weight 12-asset",
      "description": "1/N equal-weight allocation"
    },
    {
      "strategy": "risk_parity",
      "sharpe": 37.09760763419718,
      "sortino": 0.0,
      "calmar": 0.0,
      "mean_ann_return": 0.2943832718111613,
      "median_ann_return": 0.2944737264760591,
      "ann_vol": 0.006857134139740759,
      "max_drawdown_median": 0.0,
      "max_drawdown_p5": -0.0008950376864166189,
      "var_5": 121825.54009449795,
      "cvar_5": 118947.67826127022,
      "p_goal": 0.0,
      "mean_terminal": 132934.3737662094,
      "median_terminal": 132785.12385913392,
      "p5": 121825.54009449795,
      "p25": 128213.25592060237,
      "p50": 132785.12385913392,
      "p75": 137524.96309705733,
      "p95": 144360.1598840478,
      "label": "Risk Parity 12-asset",
      "description": "Inverse-vol weighting (risk parity proxy)"
    },
    {
      "strategy": "tangency_3",
      "sharpe": 8.123687441191509,
      "sortino": 0.0,
      "calmar": 0.0,
      "mean_ann_return": 0.34768784751980175,
      "median_ann_return": 0.3459864527922334,
      "ann_vol": 0.03787539214761725,
      "max_drawdown_median": 0.0,
      "max_drawdown_p5": -0.03172751849132852,
      "var_5": 128288.97537476804,
      "cvar_5": 116158.90321864122,
      "p_goal": 0.0,
      "mean_terminal": 207821.94362441593,
      "median_terminal": 198090.67653982015,
      "p5": 128288.97537476804,
      "p25": 164355.7684614111,
      "p50": 198090.67653982015,
      "p75": 240720.4472049482,
      "p95": 319140.12609695824,
      "label": "Tangency 3-asset",
      "description": "MV-optimal: IVV, AGG, SHV"
    },
    {
      "strategy": "tangency_5",
      "sharpe": 8.038569048153343,
      "sortino": 0.0,
      "calmar": 0.0,
      "mean_ann_return": 0.348483346708842,
      "median_ann_return": 0.3467765607333336,
      "ann_vol": 0.03837540548086829,
      "max_drawdown_median": 0.0,
      "max_drawdown_p5": -0.042763833466013736,
      "var_5": 128770.09358511383,
      "cvar_5": 115891.03125674975,
      "p_goal": 0.0,
      "mean_terminal": 208989.85570914458,
      "median_terminal": 198512.23372045107,
      "p5": 128770.09358511383,
      "p25": 165008.3188586046,
      "p50": 198512.23372045107,
      "p75": 242914.00269463545,
      "p95": 322346.4994364627,
      "label": "Tangency 5-asset",
      "description": "MV-optimal: adds QUAL and USMV"
    },
    {
      "strategy": "tangency_12",
      "sharpe": 11.21079687001064,
      "sortino": 0.0,
      "calmar": 0.0,
      "mean_ann_return": 0.3571229667366564,
      "median_ann_return": 0.35706576138868384,
      "ann_vol": 0.02828728148531295,
      "max_drawdown_median": 0.0,
      "max_drawdown_p5": -0.01553725775839849,
      "var_5": 153051.53541173434,
      "cvar_5": 141141.3038108036,
      "p_goal": 0.0,
      "mean_terminal": 218758.02518245362,
      "median_terminal": 214670.0899507028,
      "p5": 153051.53541173434,
      "p25": 185373.9526642436,
      "p50": 214670.0899507028,
      "p75": 245473.6872933147,
      "p95": 302844.7045202741,
      "label": "Tangency 12-asset",
      "description": "MV-optimal: full 12-asset universe (crypto \u2264 5%)"
    },
    {
      "strategy": "tangency_12_glide",
      "sharpe": 11.21079687001064,
      "sortino": 0.0,
      "calmar": 0.0,
      "mean_ann_return": 0.3571229667366564,
      "median_ann_return": 0.35706576138868384,
      "ann_vol": 0.02828728148531295,
      "max_drawdown_median": 0.0,
      "max_drawdown_p5": -0.01553725775839849,
      "var_5": 153051.53541173434,
      "cvar_5": 141141.3038108036,
      "p_goal": 0.0,
      "mean_terminal": 218758.02518245362,
      "median_terminal": 214670.0899507028,
      "p5": 153051.53541173434,
      "p25": 185373.9526642436,
      "p50": 214670.0899507028,
      "p75": 245473.6872933147,
      "p95": 302844.7045202741,
      "label": "Tangency 12-asset + Glide Path",
      "description": "Starts at tangency, glides toward bonds over 10 years"
    }
  ],
  "columns": [
    "sharpe",
    "sortino",
    "calmar",
    "mean_ann_return",
    "median_ann_return",
    "ann_vol",
    "max_drawdown_median",
    "max_drawdown_p5",
    "var_5",
    "cvar_5",
    "p_goal",
    "mean_terminal",
    "median_terminal",
    "p5",
    "p25",
    "p50",
    "p75",
    "p95",
    "label",
    "description"
  ]
}